{
  "A": ["Ash", "Aster", "Arlo", "Acorn"],
  "B": ["Biscuit", "Binx", "Bella", "Basil"],
  "C": ["Cleo", "Cinder", "Coco", "Comet"],
  "D": ["Dexter", "Daisy", "Doodle", "Dune"],
  "E": ["Ember", "Echo", "Ellie", "Everest"],
  "F": ["Fig", "Felix", "Frost", "Fennel"],
  "G": ["Gizmo", "Goose", "Ginger", "Galaxy"],
  "H": ["Hazel", "Hunter", "Hobbes", "Holly"],
  "I": ["Indigo", "Ivy", "Inka", "Igloo"],
  "J": ["Jinx", "Juniper", "Jasper", "Java"],
  "K": ["Kiki", "Koda", "Kiwi", "Knight"],
  "L": ["Luna", "Leo", "Loki", "Lemon"],
  "M": ["Milo", "Maple", "Mocha", "Mango"],
  "N": ["Nala", "Nova", "Nugget", "Nimbus"],
  "O": ["Olive", "Oreo", "Onyx", "Opal"],
  "P": ["Pumpkin", "Poppy", "Pixel", "Pluto"],
  "Q": ["Quill", "Quartz", "Queenie", "Quaxo"],
  "R": ["Raven", "Rocco", "Rory", "Rascal"],
  "S": ["Sage", "Salem", "Sunny", "Socks"],
  "T": ["Tigger", "Tofu", "Tulip", "Tango"],
  "U": ["Uno", "Umber", "Umi", "Ursa"],
  "V": ["Violet", "Vesper", "Vinnie", "Velvet"],
  "W": ["Willow", "Whiskers", "Waffle", "Wren"],
  "X": ["Xena", "Xylo", "Xavi", "Xenon"],
  "Y": ["Yuki", "Yara", "Yoshi", "Yonder"],
  "Z": ["Ziggy", "Zara", "Zorro", "Zephyr"]
}
